name,refs,radius,onePixelDist,lodCount,verts0,tris0,verts1,tris1,verts2,tris2,verts3,tris3,verts4,tris4,verts5,tris5,verts6,tris6,verts7,tris7
skybox_default_day,1,1362.16,1758087.75,1,316,448
p7_box_wood_01_long,7,45.50,58729.69,5,361,226,506,392,618,584,736,784,736,784
p7_box_wood_01_sm,11,31.67,40881.48,5,252,148,355,256,419,376,505,524,505,524
p7_debris_wood_plywood_2x8_bowed_dirty,6,85.68,110581.74,8,35,16,35,16,35,16,37,18,48,29,93,66,159,130,248,264
p7_aqu_railings_set_metal_end_32,13,76.66,98942.75,5,161,98,217,170,346,354,604,708,1094,1402
p7_aqu_railings_set_metal_256,9,337.02,434984.88,6,460,190,841,445,1148,762,1829,1589,3000,3180,5424,6328
p7_aqu_railings_set_end_post_metal,5,55.59,71752.13,6,80,37,145,90,220,180,332,356,598,698,983,1282
p7_corrugated_sheet_metal_rust_01,5,117.62,151810.89,3,74,26,106,52,208,104
p7_zm_der_pswitch_body,2,169.07,218214.66,8,55,34,102,70,206,140,372,282,729,529,1319,1059,1921,1766,2901,3533
p7_eth_rock_park_01_wall_b,12,52.05,67175.20,5,442,338,692,652,1094,1306,1520,2126,1763,2612
p7_pallet_truck_dirty,3,99.56,128497.75,8,102,46,175,93,178,96,732,526,1593,1204,3022,2326,3969,3525,4909,4686
p7_street_safety_fence_cc_bars,3,100.02,129091.28,4,516,432,693,644,1058,1112,1349,1410
p7_barricade_metal_gate_02,2,161.16,207999.00,6,126,67,208,117,336,203,686,425,1018,852,1605,1704
p7_barricade_metal_gate_02_post,2,112.68,145430.75,6,24,18,44,30,88,54,181,114,294,228,431,456
veh_t6_dlc_zombie_plane_whole,3,424.02,547267.31,1,15013,13282
p7_bio_wave_wall_rail_01,13,83.87,108254.46,3,190,144,310,248,486,424
p7_barricade_gate_metal_60,2,194.27,250741.31,5,192,88,322,154,602,346,738,514,906,674
p7_toilet_bathroom_lid,2,22.66,29240.21,8,37,16,37,16,47,22,73,44,132,84,240,168,332,282,504,564
p7_toilet_bathroom_open,2,67.38,86968.66,8,125,60,191,122,347,247,650,495,1143,928,2036,1858,2978,3098,4785,6196
p7_newspaper_vintage_folded_single_blank,3,17.95,23170.02,6,44,22,77,39,113,67,208,141,332,282,482,566
c_zom_der_zombie_body2,3,109.00,140685.31,7,575,433,918,764,1564,1424,2806,2977,5115,6004,9093,11176,14863,20389
c_zom_der_zombie_head1,3,37.08,47861.90,7,99,90,190,193,349,378,687,786,1249,1528,2238,2996,4163,6518
p7_sin_signage_pole,2,186.69,240959.09,8,30,16,30,16,30,16,34,28,61,51,104,105,163,176,295,352
p7_sin_signage_danger_authorized_personnel_01,2,27.67,35709.61,8,25,16,25,16,25,16,25,16,31,20,54,42,82,70,152,140
p7_zm_teddybear_sitting,2,34.85,44984.78,8,118,68,225,137,436,275,904,550,1649,1032,3079,2065,4527,3442,6922,6882
p7_foliage_flower_bouquet_jar_dead,4,45.35,58537.71,7,193,99,388,253,597,468,1232,1057,1987,1868,2749,2802,3227,3575
p7_cai_light_metal_lamppost,2,434.79,561164.56,5,112,52,175,88,327,185,541,372,854,744
p7_desk_metal_military_02,30,104.15,134427.97,6,1197,786,1311,916,2013,2076,3362,3272,5030,4610,6690,6556
rayman,2,35.46,45765.42,1,2207,2206
p7_monitor_wall_safehouse_01_flat_nrc_desktop,2,90.23,116458.89,8,38,16,40,18,75,35,167,73,260,136,498,274,775,458,1285,918
p7_bio_door_wood_lt,4,189.34,244375.84,5,266,141,676,636,736,670,1978,2028,1978,2028
p7_sin_trashcan_wood,2,87.00,112282.66,8,84,52,184,103,292,203,471,356,711,612,1437,1267,2421,2504,3649,4950
p7_sofa_leather_3seater_dirty,9,123.67,159621.34,8,56,28,118,56,250,148,404,288,649,664,1097,1364,1583,2154,1981,2878
p7_sgen_desk_lobby_01,3,241.39,311550.31,6,247,155,914,672,2821,2146,4411,3444,7417,6519,9102,8686
p7_anim_sin_bar_room_door,13,189.14,244111.05,8,30,16,41,26,78,55,157,111,283,208,482,417,690,694,1060,1390
p7_cai_store_monitor_06,29,24.43,31534.35,4,308,188,508,356,854,698,1350,1190
p7_zur_bookshelf_01,11,505.18,652018.63,6,131,52,229,94,351,160,609,334,1222,671,2138,1344
p7_zur_nw_clamp_factory_stairs_vista,4,317.23,409438.06,4,72,28,132,60,251,120,460,240
p7_zur_nw_clamp_factory_stairs_railing_vista,7,319.31,412121.69,4,214,102,396,215,669,432,1012,864
p7_pro_door_glass_steel_r_swing,3,189.15,244130.45,4,391,221,740,461,1403,924,2362,1848
p7_desk_metal_military_03,3,122.46,158050.73,8,110,57,196,117,675,414,1135,711,2163,1493,4291,2881,4771,5057,5534,5862
p7_cai_chair_lounge_greek,3,84.13,108587.62,8,56,28,192,96,270,142,459,286,976,708,1452,1382,2476,2130,2932,2850
p7_farm_table_wood,5,179.36,231488.31,5,272,136,356,264,696,488,832,766,1396,1487
p7_coffee_table_modern,2,52.65,67953.30,8,82,52,133,106,244,212,473,424,838,796,2543,2784,3389,3822,4620,5317
p7_cai_apt_door_generic_lt_frame_01,2,198.82,256604.64,8,48,16,48,16,76,36,144,72,252,136,522,272,800,454,1349,908
p7_barricade_metal_gate_02_black,3,161.16,207999.00,6,126,67,208,117,336,203,686,425,1018,852,1605,1704
p7_anim_ven_gate_chainlink_01_left,2,238.94,308394.38,5,1061,692,1666,1186,3312,2474,5741,4948,9350,9896
p7_fence_wood_rustic_01_rung_6_128a,36,183.32,236603.20,5,59,48,90,84,140,176,230,354,407,708
p7_fence_wood_rustic_01_rung_single_128b,106,119.57,154320.56,6,35,26,56,46,91,80,141,168,223,337,390,678
p7_fence_wood_rustic_01_rung_single_128a,71,119.40,154104.16,6,39,28,57,48,93,84,145,176,229,354,407,708
veh_t7_civ_truck_med_vista_cargo_short,2,272.88,352193.47,8,34,16,34,16,34,16,34,16,50,26,92,56,160,114,260,228
veh_t7_civ_truck_med_vista_frame_short,2,276.77,357213.19,8,37,15,37,15,49,23,93,41,154,70,253,148,459,296,836,592
veh_t7_civ_truck_med_vista_bed_short,2,312.51,403346.84,8,36,16,36,16,36,16,36,16,50,22,90,48,156,96,267,192
veh_t7_turret_sentry_gun_world,5,122.04,157513.55,8,971,508,1847,1019,3435,2037,6352,4075,11340,7642,28044,24326,34890,32770,46406,50951
p7_aqu_railings_set_metal_64,77,77.88,100516.91,6,104,46,212,110,278,190,433,397,748,795,1356,1582
p7_aqu_railings_set_metal_32,6,76.66,98942.75,5,187,103,247,178,404,373,697,747,1254,1486
p7_fxanim_gp_netting_orange_fence_01_s3_mod,34,151.48,195515.42,1,165,280
p7_fence_metal_corrugated_framed_bent_white,63,132.98,171634.16,8,32,18,66,36,199,153,199,153,200,153,608,569,1022,1074,1538,1823
p7_dumpster_construction_red,2,202.16,260924.98,6,496,240,1719,950,2886,1791,4347,2996,5784,4580,7344,6046
p7_aqu_scaffolding_metal_worn_blue_09,5,157.47,203247.33,4,46,22,94,46,204,92,336,184
p7_aqu_scaffolding_metal_worn_01,7,208.74,269412.28,4,142,70,294,146,620,292,1160,584
p7_aqu_scaffolding_metal_worn_03,2,208.74,269412.28,4,94,46,202,98,404,196,784,392
p7_beams_construction_stack_wood_blue_ends,4,123.92,159935.84,8,20,10,20,10,20,10,242,127,815,422,1721,886,3696,2120,7400,3548
p7_beams_construction_stack_wood_orange_ends,3,123.92,159935.84,8,20,10,20,10,20,10,242,127,815,422,1721,886,3696,2120,7400,3548
p7_construction_hardhat,5,12.15,15680.87,8,42,20,70,40,125,80,171,142,330,256,544,482,796,826,1687,2000
p7_beams_construction_stack_wood_white_ends,2,123.92,159935.84,8,20,10,20,10,20,10,242,127,815,422,1721,886,3696,2120,7400,3548
p7_barrier_construction,5,85.44,110275.84,5,262,133,434,228,602,394,1610,1119,2271,1912
p7_hand_truck_horizontal,2,80.12,103412.66,8,69,43,140,86,157,100,629,438,1223,1082,2306,2146,2962,3210,3593,4354
veh_t7_civ_truck_med_utility2_sing,2,305.57,394394.53,8,820,411,1463,819,2632,1635,4237,2864,6890,4927,12964,10272,22581,20576,35327,41133
veh_t7_civ_truck_med_attch_util_bumper02_sing,2,251.03,323994.09,1,2439,3226
veh_t7_civ_truck_med_attch_util_topattach01,2,247.48,319408.41,8,36,16,77,37,147,77,263,154,412,309,548,463,648,619,743,776
veh_t7_civ_truck_med_attch_boom_sing,2,418.33,539924.63,8,277,130,508,259,912,520,1473,911,2453,1564,4414,3259,7221,6521,11321,13042
veh_t7_civ_truck_med_wheel_back_util_attch,3,51.64,66646.45,8,132,65,246,132,391,266,546,467,829,801,1657,1668,2916,4260,4222,6678
veh_t7_civ_truck_med_wheel_front_util_attch,3,37.43,48309.95,8,102,48,188,98,308,196,420,342,618,588,1301,1226,2346,3264,3256,4908
veh_t7_civ_truck_med_utility1_sing_aband,2,305.57,394394.53,8,6890,4927,12964,10272,17845,15209,22581,20576,26046,25518,29516,30880,32308,35817,35327,41133
veh_t7_civ_truck_med_attch_util_bumper01_sing_aband,2,249.68,322258.84,8,36,22,72,44,140,90,249,160,423,274,674,571,990,1144,1575,2288
veh_t7_civ_truck_med_attch_util_topattach01_sing_aband,2,247.48,319408.41,8,36,16,77,37,147,77,263,154,412,309,548,463,648,619,743,776
veh_t7_civ_truck_med_attch_util_topattach02_sing_aband,2,279.02,360117.50,8,48,40,104,97,195,212,347,396,537,708,880,1492,1341,3008,1364,3096
veh_t7_civ_truck_med_wheel_back_util_attch_sing_aband,3,51.64,66646.45,8,132,65,246,132,391,266,546,467,829,801,1657,1668,2916,4260,4222,6678
veh_t7_civ_truck_med_wheel_front_util_attch_sing_aband,3,37.43,48309.95,8,102,48,188,98,308,196,420,342,618,588,1301,1226,2346,3264,3256,4908
p7_box_cardboard_a_closed,3,66.77,86171.34,8,32,16,32,16,32,16,46,22,88,42,216,138,263,214,320,286
nt_2020_cardboardbox,2,45.44,58643.48,1,36,18
p7_box_cardboard_b_closed,3,59.00,76153.43,8,30,16,30,16,30,16,36,18,72,34,175,107,217,169,257,237
p7_box_cardboard_d_closed,3,43.80,56527.46,8,34,16,34,16,34,16,34,16,64,30,192,96,202,150,244,210
p7_cart_utility_electric_01,2,160.30,206896.55,8,188,96,567,295,1203,661,3206,1857,5247,3307,9230,6249,11097,9509,12538,13045
p7_cart_utility_electric_01_guard,2,106.79,137832.36,6,180,84,468,264,804,612,1290,1080,1848,1668,2046,2864
p7_cart_utility_electric_01_seat,3,46.38,59857.96,6,82,84,138,172,408,489,1263,1641,1499,2183,1795,2733
p7_cart_utility_electric_01_steering_wheel,2,67.59,87229.95,5,162,134,244,224,430,440,573,706,629,896
p7_cart_utility_electric_01_tire,5,18.60,24000.02,5,50,44,102,120,198,240,342,384,392,480
p7_zur_nw_hospital_wall_sink,3,299.29,386281.31,1,12651,13091
p7_toilet_bathroom,9,69.00,89061.05,8,95,44,158,90,262,180,469,362,810,681,1446,1362,2032,2269,3259,4540
p7_fxanim_gp_trash_paper_toilet_roll_01_s3_mod,8,14.34,18507.74,6,26,16,37,27,58,46,108,96,203,192,356,386
p7_sink_ceramic_old_01,7,48.46,62543.74,6,278,196,364,274,549,473,911,988,1382,1728,2700,3956
p7_bench_plastic_modern_01_white,63,84.47,109018.87,5,116,58,340,170,476,258,624,334,768,450
p7_desk_metal_military_01,49,104.18,134467.13,8,44,20,81,42,176,85,326,169,637,319,1155,639,1712,1065,2548,2130
p7_anim_sin_bar_room_chair,49,68.20,88022.80,8,60,42,104,85,228,172,469,344,805,647,1386,1296,1966,2161,3118,4324
veh_t7_civ_truck_med_cargo_short_egypt,2,278.15,358997.22,8,6342,4484,11734,9344,16176,13835,20516,18708,23723,23197,26963,28064,29530,32551,32338,37421
veh_t7_civ_truck_med_attch_fuelcell,4,110.33,142405.16,8,150,88,180,110,223,154,338,222,394,266,710,556,1214,1113,1910,2228
veh_t7_civ_truck_med_attch_cargo_short_egypt,2,316.71,408768.00,8,1480,1146,2819,2391,3849,3544,4783,4794,5445,5947,6169,7199,6807,8357,7459,9604
veh_t7_civ_truck_med_wheel_back_attch,7,52.27,67459.05,8,53,32,104,65,171,131,268,230,466,394,921,821,1570,1824,2528,3288
veh_t7_civ_truck_med_wheel_front_attch,7,37.90,48911.81,8,39,24,66,48,121,99,203,174,349,299,684,623,1288,1584,1863,2496
veh_t7_civ_truck_med_delivery_euro,2,278.15,358997.22,8,692,373,1325,747,2461,1492,3929,2616,7620,5610,13772,11219,23177,22448,32338,37421
veh_t7_civ_truck_med_attch_delivery_euro,2,371.22,479125.31,8,174,78,300,157,534,309,865,544,1781,1179,3099,2366,4979,4747,6926,7943
veh_t7_civ_truck_med_flatbed_ethiopia,2,278.15,358997.22,8,707,374,1340,747,2457,1493,3931,2618,7619,5612,19145,16836,23258,22438,32338,37421
veh_t7_civ_truck_med_attch_flatbed_ethiopia,2,295.19,380997.91,8,33,16,33,16,49,26,86,44,176,102,267,202,428,409,599,684
veh_t7_civ_truck_med_attch_decal_ruhanga,2,221.41,285772.41,1,18,16
veh_t7_civ_truck_med_attch_light_bar,2,211.87,273451.28,4,28,18,50,40,80,82,129,164
veh_t7_civ_truck_med_attch_light_bar_base,2,200.08,258239.86,4,30,16,56,30,78,60,132,120
p7_zm_zod_pastry_cart_devil_red,5,100.01,129082.59,8,52,22,96,46,196,90,340,158,568,270,1017,570,1787,1154,2814,2310
p7_zm_zod_pastry_cart_wheel,9,20.86,26918.96,4,613,488,776,680,1300,1360,2284,2720
veh_t7_civ_car_compact_green_cairo,2,128.39,165712.47,8,754,461,3228,2305,6012,4610,10980,9222,19158,18444,25008,27665,30538,37810,34638,46110
veh_t7_civ_license_plate_mount_short,3,12.11,15631.01,8,30,16,30,16,30,16,30,16,30,16,30,16,44,26,70,52
veh_t7_civ_license_plate_back_cairo_compact_grn,2,12.93,16688.54,8,28,16,28,16,28,16,28,16,30,18,61,39,100,78,150,158
veh_t7_civ_license_plate_front_cairo_compact_grn,2,13.01,16793.12,8,28,16,28,16,28,16,28,16,30,18,61,39,100,78,150,158
veh_t7_civ_car_compact_blue_sing,2,128.39,165712.47,8,754,461,3228,2305,6012,4610,10980,9222,19158,18444,25008,27665,30538,37810,34638,46110
veh_t7_civ_license_plate_mount_long,3,17.68,22823.28,8,30,16,30,16,30,16,30,16,30,16,30,16,44,26,70,52
veh_t7_civ_license_plate_back_singapore_compact_blu_met,2,17.76,22917.21,8,32,16,32,16,32,16,32,16,32,16,50,28,89,56,122,114
veh_t7_civ_license_plate_front_singapore_compact_blu_met,2,17.76,22917.12,8,34,16,34,16,34,16,34,16,34,16,50,28,94,56,126,114
p7_foliage_bush_sakaki_small_01_dry,2,80.72,104185.37,6,140,76,140,76,140,76,232,168,435,407,742,828
p7_foliage_bush_sakaki_small_01_snow,2,80.72,104185.37,6,113,57,140,76,140,76,232,168,435,407,742,828
p7_foliage_bush_sakaki_small_01_sway,2,80.72,104185.37,6,113,57,140,76,140,76,232,168,435,407,742,828
p7_foliage_flower_bougainvillea_bushyvarient,3,39.57,51075.31,8,550,219,1965,753,2682,1347,4102,2584,7168,5842,11447,11310,15336,16443,18079,21979
p7_foliage_flower_bougainvillea_bushyvarient_snow,3,39.57,51075.31,8,550,219,1965,753,2682,1347,4102,2584,7168,5842,11447,11310,15336,16443,18079,21979
p7_foliage_bush_sakaki_thick_01,2,128.13,165376.64,6,175,112,175,112,176,114,232,191,606,605,868,868
p7_foliage_bush_sakaki_thick_01_snow,2,128.13,165376.64,6,175,112,175,112,176,114,232,191,606,605,868,868
p7_foliage_tree_elm_english_tall_vista,4,862.28,1112918.00,8,48,16,72,24,145,49,259,87,445,149,881,311,1339,623,2325,1246
p7_proto_fence_chainlink,2,232.07,299524.22,4,62,30,121,58,156,102,236,204
p7_sin_fence_chainlink_debris_post_set_04,12,213.24,275217.81,4,257,145,304,198,524,457,785,824
p6_anim_zm_barricade_board_collision,1,159.07,205306.47,1,144,72
p7_anim_zm_barricade_board_01,1,90.18,116389.48,8,30,16,32,18,64,38,113,75,185,144,357,288,509,482,826,964
p6_anim_zm_barricade_board_01_upgrade,1,90.51,116812.21,3,56,28,308,226,540,420
p7_anim_zm_barricade_board_02,1,93.80,121070.58,8,34,16,34,16,44,24,85,48,137,92,272,186,427,310,689,624
p6_anim_zm_barricade_board_02_upgrade,1,94.59,122083.59,3,56,28,299,224,527,422
p7_anim_zm_barricade_board_03,1,94.08,121425.12,8,36,16,36,16,44,24,86,48,145,92,271,186,428,312,684,624
p6_anim_zm_barricade_board_03_upgrade,1,94.59,122083.59,3,56,28,299,224,527,422
p7_anim_zm_barricade_board_04,1,90.17,116374.05,8,28,16,36,18,64,38,115,75,186,144,366,289,502,481,826,964
p6_anim_zm_barricade_board_04_upgrade,1,90.51,116812.21,3,56,28,308,226,540,420
p7_anim_zm_barricade_board_05,1,90.35,116616.63,8,32,16,32,16,44,24,85,48,137,92,276,186,434,312,679,624
p6_anim_zm_barricade_board_05_upgrade,1,90.51,116812.21,3,56,28,308,226,540,420
p7_anim_zm_barricade_board_06,1,90.53,116849.09,8,34,16,34,16,44,24,85,48,145,92,281,186,429,312,688,624
p6_anim_zm_barricade_board_06_upgrade,1,90.51,116812.21,3,56,28,308,226,540,420
p7_bio_door_wood_rt,1,189.34,244375.84,5,265,140,676,636,676,636,1980,2028,1980,2028
p7_zm_der_magic_box_fake,1,52.20,67377.25,8,115,67,220,136,427,271,770,476,1649,1021,3093,2042,5143,4084,6819,6805
p7_zm_der_magic_box_fake_trunk,1,38.20,49303.94,8,74,34,143,70,268,143,422,287,810,539,1322,1077,1960,1798,2784,3596
p7_zm_der_magic_box,1,88.98,114849.51,6,1529,1117,2159,1677,2581,2206,4189,3904,5369,5828,8361,11180
tag_origin,1,0.20,263.72,1,24,12
p7_corrugated_sheet_metal_rust_dmg_02,1,91.64,118271.79,5,36,16,36,16,36,16,50,24,96,48
p7_door_metal_shop_01_lt_dmg,1,188.48,243267.19,8,106,51,176,101,328,204,557,358,1027,614,2294,1280,4649,2560,8632,5120
p7_eth_cage_animal_gate,1,161.89,208952.05,6,696,452,822,544,1236,995,1407,1300,2140,2050,2140,2050
p7_zm_der_pswitch_handle,1,41.85,54017.72,8,36,16,48,22,78,44,164,90,300,170,553,340,793,566,1115,1134
p7_zm_vending_packapunch,1,177.48,229062.03,8,221,121,440,243,750,486,1432,971,2433,1821,4392,3644,6532,6074,10362,12151
p7_zm_vending_packapunch_on,1,177.48,229062.03,8,221,121,440,243,750,486,1432,971,2433,1821,4392,3644,6532,6074,10362,12151
p7_zm_der2_vending_packapunch_sign_wait,1,41.05,52979.08,8,36,16,36,16,36,16,36,16,36,16,36,16,42,22,64,46
p7_zm_vending_packapunch_weapon,1,6.00,7743.99,1,24,12
p7_zm_der_door_metal_rusted_left,1,205.03,264630.47,8,38,28,90,58,214,118,398,238,652,446,925,892,1372,1728,2348,2976
t6_wpn_zmb_perk_bottle_ads_world,1,13.08,16876.95,3,52,48,128,144,258,368
p7_elevator_metal_button_call_on,1,12.11,15634.67,4,318,213,612,429,869,715,1344,1430
t6_wpn_zmb_perk_bottle_jugg_world,1,13.08,16876.95,3,52,48,128,144,258,368
p7_sin_fence_chainlink_debris_post_set_03,1,213.14,275090.38,4,280,154,338,219,553,482,819,853
t6_wpn_zmb_perk_bottle_sleight_world,1,13.08,16876.95,3,52,48,128,144,258,368
t6_wpn_zmb_perk_bottle_revive_world,1,13.08,16876.95,3,52,48,128,144,258,368
p7_elevator_metal_button_call,1,12.13,15655.24,4,294,213,570,428,812,714,1226,1430
p7_eth_cage_animal_wall,1,198.48,256176.53,3,2805,1467,3702,1960,3882,2218
c_zom_zod_zombie_fem_body1_g_rarmspawn,1,10.92,14091.57,8,29,16,42,29,74,59,156,118,272,220,443,443,603,737,975,1477
p7_gib_chunk_meat_01,1,8.37,10799.08,8,28,16,28,16,28,16,28,16,34,22,59,45,84,75,125,150
p7_gib_chunk_meat_02,1,9.07,11706.89,8,24,16,24,16,24,16,24,16,24,16,40,31,64,52,92,104
p7_gib_chunk_meat_03,1,7.17,9249.88,8,27,15,27,15,27,15,27,15,34,21,58,45,87,74,122,150
p7_gib_chunk_flesh_01,1,5.90,7616.80,8,28,16,28,16,28,16,28,16,35,22,56,44,81,74,121,150
p7_gib_chunk_flesh_02,1,5.91,7622.39,8,28,16,28,16,28,16,28,16,30,20,53,41,86,68,158,137
p7_gib_chunk_flesh_03,1,4.86,6274.95,8,28,16,28,16,28,16,28,16,33,21,59,43,92,72,136,146
p7_gib_chunk_bone_01,1,5.09,6573.44,8,20,16,20,16,20,16,20,16,20,16,30,22,48,36,84,74
p7_gib_chunk_bone_02,1,3.59,4638.71,8,31,16,31,16,31,16,31,16,31,16,36,21,53,36,82,74
p7_gib_chunk_bone_03,1,4.87,6290.56,8,24,16,24,16,24,16,24,16,24,16,36,28,74,48,122,96
c_zom_zod_zombie_fem_body1_g_rlegspawn,1,15.88,20500.06,8,33,16,35,20,69,39,114,81,184,151,322,303,435,506,802,1013
c_zom_zod_zombie_fem_body1_g_larmspawn,1,10.92,14091.57,8,25,15,48,29,92,59,155,117,274,220,442,443,602,737,975,1477
c_zom_zod_zombie_fem_body1_g_llegspawn,1,15.88,20500.06,8,28,15,39,19,69,39,115,81,196,151,323,302,447,505,801,1013
c_zom_der_zombie_helmet1,1,13.37,17260.95,7,37,32,93,70,127,118,304,269,513,521,820,832,1333,1550
c_zom_der_zombie_body1,1,108.73,140333.23,7,599,393,929,733,1706,1457,2947,2850,5166,5336,8842,9951,14700,18895
c_zom_der_zombie_head2,1,37.01,47765.27,7,88,91,167,189,306,385,524,769,1138,1520,2176,3074,4115,6674
c_zom_der_zombie_head3,1,37.89,48902.07,7,103,116,222,237,384,429,713,912,1377,1696,2672,3671,4887,7623
c_zom_der_zombie_body1_g_upclean,1,108.73,140333.23,7,445,281,710,540,1190,1005,1920,1848,3537,3607,6135,6919,10312,13421
c_zom_der_zombie_body1_g_rarmoff,1,108.73,140333.23,7,405,246,649,454,1089,861,1781,1624,3219,3113,5615,6067,9601,12136
c_zom_der_zombie_body1_g_larmoff,1,108.73,140333.23,7,387,236,640,470,1110,893,1775,1627,3280,3190,5723,6202,9752,12349
c_zom_der_zombie_body1_g_behead,1,24.09,31095.56,7,30,24,40,33,52,48,117,102,208,201,462,501,1181,1521
c_zom_der_zombie_body1_g_lowclean,1,66.00,85186.52,7,154,112,219,193,516,452,1027,1002,1629,1729,2707,3032,4388,5474
c_zom_der_zombie_body1_g_rlegoff,1,65.99,85175.44,7,137,93,167,140,349,325,759,732,1105,1212,1962,2202,3407,4372
c_zom_der_zombie_body1_g_llegoff,1,66.00,85186.05,7,156,103,196,154,455,352,830,742,1252,1251,2145,2325,3765,4693
c_zom_der_zombie_body1_g_blegsoff,1,34.92,45074.13,7,139,84,144,101,288,225,562,472,728,734,1400,1495,2805,3581
c_zom_der_zombie_body2_g_upclean,1,109.00,140685.31,7,406,291,631,471,1131,955,2044,2027,3662,4112,6790,7923,10624,13869
c_zom_der_zombie_body2_g_rarmoff,1,108.99,140674.42,7,339,230,524,390,945,788,1758,1713,3252,3543,6270,7122,10255,13217
c_zom_der_zombie_body2_g_larmoff,1,109.01,140690.83,7,376,260,578,416,1054,846,1922,1849,3472,3761,6641,7608,10676,13910
c_zom_der_zombie_body2_g_behead,1,25.40,32783.80,7,31,24,40,33,52,48,117,102,208,201,462,501,1188,1521
c_zom_der_zombie_body2_g_lowclean,1,65.73,84835.20,7,169,142,287,293,433,469,762,950,1453,1892,2303,3253,4239,6520
c_zom_der_zombie_body2_g_rlegoff,1,65.73,84841.80,7,174,129,252,244,340,336,573,686,1032,1295,1679,2257,3341,4957
c_zom_der_zombie_body2_g_llegoff,1,65.72,84822.46,7,162,127,248,238,366,368,656,758,1150,1441,1895,2562,3894,5857
c_zom_der_zombie_body2_g_blegsoff,1,37.84,48838.22,7,167,114,213,189,273,235,467,494,729,844,1271,1566,2998,4294
wpn_t7_zmb_perk_bottle_jugg_world,1,13.67,17646.15,8,30,20,50,33,79,60,139,120,196,223,344,436,391,516,933,1422
p7_desk_metal_old_01_body_rusty,1,92.02,118760.76,8,78,38,144,78,334,208,504,318,1644,980,2794,2004,3824,3066,4635,3950
p7_aqu_solar_array_long_handrails_cheap_03,1,287.56,371149.97,8,27,15,27,15,27,15,27,15,27,15,27,15,27,15,42,28
p7_cart_janitor_plastic,1,110.01,141987.45,8,215,106,404,214,766,430,1092,730,1773,1328,3028,2392,5747,4738,10447,10770
p7_cai_cart_vendor_metal_base,1,101.90,131517.63,8,144,100,216,140,498,300,912,592,2076,1424,3891,3000,5343,4422,6791,6006
p7_cart_utility_electric_02,1,160.30,206896.55,8,188,96,567,295,1203,661,3206,1857,5247,3307,9230,6249,11097,9509,12538,13045
p7_laundry_cart_01,1,109.78,141687.22,8,74,28,138,56,260,112,472,224,763,420,1385,842,2019,1406,2764,2812
p7_3d_printer_safehouse_01_box_dmg,1,190.03,245259.88,8,646,368,646,368,646,368,646,368,646,368,1276,709,2304,1417,3349,2836
p7_3arc_lobby_door_front,1,183.67,237060.34,4,265,136,479,274,654,457,1090,916
veh_t7_civ_city_car_white_sing,1,136.17,175756.33,8,876,498,1518,1003,3056,2012,5164,3555,8666,6141,16526,12871,28827,25860,43654,49388
veh_t7_civ_license_plate_back_singapore_compact_wht,1,17.76,22917.21,8,32,16,32,16,32,16,32,16,32,16,50,28,89,56,122,114
veh_t7_civ_license_plate_front_singapore_compact_wht,1,17.76,22917.12,8,34,16,34,16,34,16,34,16,34,16,50,28,94,56,126,114
veh_t7_civ_city_car_orange_sing,1,136.17,175756.33,8,876,498,1518,1003,3056,2012,5164,3555,8666,6141,16526,12871,28827,25860,43654,49388
veh_t7_civ_license_plate_back_singapore_compact_org,1,17.76,22917.21,8,32,16,32,16,32,16,32,16,32,16,50,28,89,56,122,114
veh_t7_civ_license_plate_front_singapore_compact_org,1,17.76,22917.12,8,34,16,34,16,34,16,34,16,34,16,50,28,94,56,126,114
veh_t7_civ_city_car_destructible_blue_sing,1,136.17,175756.33,8,876,498,3866,2534,7288,5103,13531,10272,24407,20714,32545,31008,39004,41290,43654,49388
veh_t7_civ_city_car_dest_attach_blu_sing,1,136.34,175966.88,7,544,539,1063,1077,1880,1889,3382,3241,7635,6752,15114,13503,25564,26981
veh_t7_civ_city_car_dead_blue,1,132.73,171312.77,8,565,284,1022,569,1938,1139,3308,1993,5463,3418,10654,7125,18813,14251,31348,28488
veh_t7_civ_license_plate_back_singapore_compact_blu,1,17.76,22917.21,8,32,16,32,16,32,16,32,16,32,16,50,28,89,56,122,114
veh_t7_civ_license_plate_front_singapore_compact_blu,1,17.76,22917.12,8,34,16,34,16,34,16,34,16,34,16,50,28,94,56,126,114
veh_t7_civ_city_car_destructible_green,1,136.17,175756.33,8,876,498,3866,2534,7288,5103,13531,10272,24407,20714,32545,31008,39004,41290,43654,49388
veh_t7_civ_city_car_dest_attach_grn,1,136.34,175966.88,7,544,539,1063,1077,1880,1889,3382,3241,7635,6752,15114,13503,25564,26981
veh_t7_civ_city_car_dead_green,1,132.73,171312.77,8,565,284,1022,569,1938,1139,3308,1993,5463,3418,10654,7125,18813,14251,31348,28488
veh_t7_civ_license_plate_back_cairo,1,12.93,16688.54,8,28,16,28,16,28,16,28,16,30,18,61,39,100,78,150,158
veh_t7_civ_license_plate_front_cairo,1,13.01,16793.12,8,28,16,28,16,28,16,28,16,30,18,61,39,100,78,150,158
p7_barricade_concrete_modular_01,1,108.67,140251.97,8,47,22,79,44,138,90,259,180,465,342,761,684,1023,1140,1692,2280
skybox_default_black,1,1362.16,1758087.75,1,316,448
skybox_cp_mi_sing_biodomes2,1,1362.16,1758087.75,1,316,448
t6_wpn_zmb_perk_bottle_nuke_view,1,16.84,21737.60,1,819,1072
t6_wpn_zmb_perk_bottle_nuke_world,1,13.08,16876.95,1,258,368
zombie_vending_nuke,1,160.17,206731.67,1,3492,3919
zombie_vending_nuke_on,1,160.17,206731.67,1,5507,6059
t6_wpn_zmb_perk_bottle_tombstone_view,1,16.84,21737.60,1,819,1072
t6_wpn_zmb_perk_bottle_tombstone_world1,1,13.08,16876.95,1,258,368
zombie_vending_tombstone,1,197.08,254368.19,1,3046,3901
zombie_vending_tombstone_on,1,197.08,254368.19,1,3046,3901
ch_tombstone1,1,53.75,69366.84,1,82,88
t6_wpn_zmb_perk_bottle_whoswho_view,1,16.84,21737.60,1,819,1072
t6_wpn_zmb_perk_bottle_whoswho_world,1,13.08,16876.95,1,258,368
p6_zm_vending_chugabud,1,190.34,245663.89,1,2601,3494
p6_zm_vending_chugabud_on,1,190.34,245663.89,1,2601,3494
p6_zm_vending_electric_cherry,1,133.10,171792.61,1,3842,3651
p6_zm_vending_electric_cherry_on,1,133.10,171792.59,1,3842,3651
t6_wpn_zmb_perk_bottle_vulture_view,1,16.84,21737.60,1,819,1072
t6_wpn_zmb_perk_bottle_vulture_world,1,13.08,16876.95,1,258,368
p6_zm_vending_vultureaid,1,162.04,209144.23,1,3520,3534
p6_zm_vending_vultureaid_on,1,162.04,209144.23,1,3520,3534
p6_zm_perk_vulture_points,1,12.04,15541.42,1,265,378
p6_zm_perk_vulture_ammo,1,13.70,17685.64,1,519,609
p7_zm_vending_wonder,1,191.07,246611.78,1,14056,15796
p7_zm_vending_wonder_on,1,191.07,246611.78,1,14056,15796
wpn_t7_zmb_perk_bottle_bear_world,1,13.67,17646.15,1,933,1422
p7_fxp_electric_arc_01,1,68.26,88106.84,8,26,16,26,16,26,16,31,20,45,38,84,76,125,124,256,256
p7_fxp_electric_arc_02,1,68.32,88175.38,8,19,16,19,16,19,16,19,16,25,22,44,42,72,74,124,148
p7_fxp_electric_arc_03,1,68.18,87997.93,1,136,140
p7_fxp_electric_arc_04,1,68.16,87976.76,1,108,108
t6_deathhands,1,65.54,84592.98,1,439,760
zombie_blood,1,17.94,23159.29,1,426,510
